<?xml version="1.0" encoding="UTF-8" standalone="yes"?>
<facturaComputarizadaTasaCero xsi:noNamespaceSchemaLocation="facturaComputarizadaTasaCero.xsd" xmlns:xsi="http://www.w3.org/2001/XMLSchema-instance">
    <cabecera>
        <nitEmisor>1003579028</nitEmisor>
        <razonSocialEmisor>PRUEBA</razonSocialEmisor>
        <municipio>La Paz</municipio>
        <telefono>2874515</telefono>
        <numeroFactura>1</numeroFactura>
        <cuf>44AAEC00DBD34C53C3E4E0C22FD463CEACE27D86A867A75AC82F24C74</cuf>
        <cufd>BQUE+QytqQUDBKVUFOSVRPQkxVRFZNVFVJBMDAwMDAwM</cufd>
        <codigoSucursal>0</codigoSucursal>
        <direccion>AV. JORGE LOPEZ #123</direccion>
        <codigoPuntoVenta>0</codigoPuntoVenta>
        <fechaEmision>2021-10-06T16:03:49.318</fechaEmision>
        <nombreRazonSocial>Venta menores del dia</nombreRazonSocial>
        <codigoTipoDocumentoIdentidad>5</codigoTipoDocumentoIdentidad>
        <numeroDocumento>9112023019</numeroDocumento>
        <complemento xsi:nil="true"/>
        <codigoCliente>51158891</codigoCliente>
        <codigoMetodoPago>1</codigoMetodoPago>
        <numeroTarjeta xsi:nil="true"/>
        <montoTotal>100</montoTotal>
        <montoTotalSujetoIva>0</montoTotalSujetoIva>
        <codigoMoneda>1</codigoMoneda>
        <tipoCambio>1</tipoCambio>
        <montoTotalMoneda>100</montoTotalMoneda>
        <montoGiftCard xsi:nil="true"/>
        <descuentoAdicional xsi:nil="true"/>
        <codigoExcepcion xsi:nil="true"/>
        <cafc xsi:nil="true"/>
        <leyenda>Ley N° 453: Los contratos de adhesión deben redactarse en términos claros, comprensibles, legibles y deben informar todas las facilidades y limitaciones.</leyenda>
        <usuario>vjcm</usuario>
        <codigoDocumentoSector>8</codigoDocumentoSector>
    </cabecera>
    <detalle>
        <actividadEconomica>451010</actividadEconomica>
        <codigoProductoSin>49111</codigoProductoSin>
        <codigoProducto>123456</codigoProducto>
        <descripcion>Libro de Matemáticas</descripcion>
        <cantidad>1</cantidad>
        <unidadMedida>1</unidadMedida>
        <precioUnitario>100</precioUnitario>
        <montoDescuento xsi:nil="true"/>
        <subTotal>100</subTotal>
    </detalle>
</facturaComputarizadaTasaCero>